{"k1": 0.2020187745853534, "k2": 0.8292740376650922, "k3": 0.003408519174025948}