{"k1": 1.0626601214933455e-05, "k2": 1.6275864905636102, "k3": 8.512748432960765e-08}