{"k1": 0.13692898027056288, "k2": 1.0833557322392522, "k3": 1.019874876243814e-07}