{"k1": 0.1812852967886175, "k2": 0.5381605595252011, "k3": 0.06395279574110968}