{"k1": 0.0323091547767993, "k2": 2.545631089404973, "k3": -0.3329071840212874}