{"k1": 0.4499204301489076, "k2": 0.1434500736012008, "k3": -0.04328802933258795}