{"k1": 0.014344693893300842, "k2": 2.6680153445359416, "k3": -0.3802810520451032}