{"k1": 0.014344661814539306, "k2": 2.668015356637877, "k3": -0.38028103286411963}