{"k1": 0.13442410124025683, "k2": 1.1100909554658314, "k3": 0.004773775067342759}