{"k1": 0.20850199089591692, "k2": 0.48762259731427016, "k3": 0.0626901205538574}