{"k1": 0.00014716099393022257, "k2": 1.4920645624415125, "k3": 6.175581489878885e-05}