{"k1": 0.021695966164281072, "k2": 1.4466902679107048, "k3": 2.0553286255836485e-16}