{"k1": 0.5208415654053694, "k2": -0.3249078655349164, "k3": 0.03318939881967851}