{"k1": 0.18239822639055056, "k2": 0.7890899617567898, "k3": 0.05495507385424401}